"Toggle Nav","Menu"
"My Cart,","Bag"
Search,Search
"We're here to help","We're here to help"
"844-532-JMCL (5625)","844-532-JMCL (5625)"
"M-F, 9:30am - 5:30pm EST","M-F, 9:30am - 5:30pm EST"
"Email Us","Email Us"
"Contact Us","Contact Us"
"Track Your Order","Track Your Order"
"Return Policy","Return Policy"
"Sign up for Email","Sign up for Email"
FAQ,FAQ
Stores,Stores
"Customer service","Customer service"
Logo,Logo
Women,Women
Tops,Tops
Jackets,Jackets
Tees,Tees
Bottoms,Bottoms
Men,Men
Training,Training
"Video Download","Video Download"
